nome,igual a
ZF do Brasil 2,Zf
Zaffari & Bourbon 2,Zaffari & Bourbon
Walmart 2,Walmart
Vonpar,Vonpar Refrescos
Voith Hydro 1,Voith Hydro
Villares Metals 1,Villares Metals
Vicunha Têxtil,Vicunha
VBC Energia SA,VBC Energia
UTC Engenharia,Utc
Usina São Manoel 1 3,Usina São Manoel
Usina São João 1,Usina São João
Usina Ipiranga 1,Usina Ipiranga
Usina da Pedra 1,Usina da Pedra
Usina Batatais 1,Usina Batatais
Usiminas Usina Siderurgica MG S/A,Usiminas
Unilever 2,Unilever
Unidasul Distribuidora,Unidasul
Unidas,Unidas Rent a Car
Ultra,Ultrapar
Ultrapar Paticipacoes S.A.,Ultrapar
Tim Participacoes S.A.,Tim Part S/A
Termomecânica,Termomecanica
Confab Industrial S.A.,Tenaris Confab
Teleperformance,Teleperformance Crm
Telefônica Brasil,Telefônica
Technicolor Brasil,Technicolor
Tarpon Investimentos S.A.,Tarpon Inv
Siemens 1,Siemens
Serasa Experian 1,Serasa Experian
Renuka do Brasil 1,Renuka
Randon Participacoes S/A,Randon
Queiroz Galvao SA,Queiroz Galvão
Promon,Promon Engenharia
Pfizer 2,Pfizer
Pettenati 1,Pettenati
Petrobras Quimica S/A Petroquisa,Petroquisa
Petroleo Brasileiro S/A Petrobras,Petrobras
Cia Brasileira de Distribuicao,Pão de Açúcar
Oi SA,Oi
Odebrecht Servicos e Participacoes SA,Odebrecht Serviços e Part.
Odebrecht S.A.,Odebrecht
NET Serviços,Net
Net Servicos de Comunicacoes S.A,Net
Nestlé 2,Nestlé
Neoenergia S/A,Neoenergia
MRV Engenharia,Mrv
Mitsubishi Motors 2,Mitsubishi Motors
Iochpe-Maxion,Maxion
Martin-Brower 2,Martin-Brower
Marfrig Alimentos SA,Marfrig
Marcosa S/A Maquinas e Equipamentos,Marcosa
Light Energia SA,Light
Líder Táxi Aéreo,Líder Aviação
Leader Magazine,Leader
Le Lis Blanc Deux,Le Lis Blanc
Lanxess Elastômeros,Lanxess
La Fonte Telecom,La Fonte Tel
Kimberly-Clark 2,Kimberly-Clark
JHSF Par S/A,JHSF Part
JHSF Participações,JHSF Part
Jereissati Participacoes S/A,Jereissati
Itaipu Binacional*,Itaipu Binacional
Inepar S/A Ind e Construcoes,Inepar
Globo Comunicacoes e Part. S/A,Globo
Giassi,Giassi Supermercados
Getnet,Get Net
Metalurgica Gerdau S/A,Gerdau Met
Fibria Celulose S.A,Fibria
Fiat Automóveis,Fiat
Faber Castell 1,Faber-Castell
Endesa Brasil S.A,Endesa Brasil
Embratel Participacoes S/A,Embratel Part
Embratel - Empr Bras de Telec SA,Embratel
Eletrobras - Centrais Eletricas Brasileiras S.A.,Eletrobras
Deten Quimica,Deten Química
Delta Construções,Delta Construção
CVC Viagens,Cvc
Cia Siderurgica Nacional,Csn
Cr2 Servicos Financeiros Ltda,Cr2
CR Almeida Engenharia,Cr Almeida Obras
CPFL Energia S.A.,CPFL Energia
Cosan 1,Cosan
Copersucar 1,Copersucar
Copasa,Copasa Mg
Brasiliana de Energia,Companhia Brasiliana de Energia
Coari Participacoes S.A.,Coari Part
Clealco 1,Clealco
Claro Telecom,Claro Telecom Participacoes
Claro SA,Claro
Cemig Geracao e Transmissao S.A,Cemig Gt
Cemig - Cia Energetica de MG,Cemig
Carrefour 2,Carrefour
Carioca Engenharia,Carioca
Cargill Agricola S.A.,Cargill
Camil 1,Camil
Caf,CAF Brasil
C.Vale,C. Vale
Bunge Brasil S.A.,Bunge Brasil
Sadia S/A.,Brf/Sadia
BRF Brasil Foods,Brf
Braskem S.A.,Braskem
BR Malls Participações,BR Malls Par
BHP Billiton Metais 1,Bhp Billiton
Btgp Banco,Banco BTG Pactual
ArcelorMittal Brasil,Arcelor Mittal Brasil
Ambev - Cia de Bebidas Das Americas,Ambev
ALL América Latina Log.,All Amer Lat
AGF do Brasil Ltda,AGF Brasil
3 M,3M
Petroleo Brasileiro S/A Petrobras,Petrobras
Vale S.A.,Vale
JBS S.A.,Jbs
Braskem S.A.,Braskem
Eletrobras - Centrais Eletricas Brasileiras S.A.,Eletrobras
BRF - Brasil Foods S.A.,Brf
Suzano Hold,Suzano Holding S/A
Sadia S/A.,Brf/Sadia
JHSF Par S/A,JHSF Part
Brasmotor S/A,Brasmotor
